1	Aceite 123	40.0	40.0	60	General	📦	0	/img/Aceite_123.jpg	0
2	Aceite Galon	54.12	54.12	56	General	📦	0	/img/Aceite_Galon.jpg	0
3	Aceite Ybarra	47.11	47.11	50	General	📦	0	/img/Aceite_Ybarra.jpg	0
4	Aceite spray	44.51	44.51	23	General	📦	3	/img/Aceite_spray.jpg	0
5	Aceitunas	56.54	56.54	70	General	📦	0	/img/Aceitunas.jpg	0
6	Aceitunas Deshuesadas	47.76	47.76	59	General	📦	0	/img/Aceitunas_Deshuesadas.jpg	0
7	Aceitunas Manzanilla	20.08	20.08	42	General	📦	0	/img/Aceitunas_Manzanilla.jpg	0
8	Aceitunas Pimiento	26.31	26.31	14	General	📦	0	/img/Aceitunas_Pimiento.jpg	0
9	Aceitunas Rodajas	38.7	38.7	42	General	📦	0	/img/Aceitunas_Rodajas.jpg	0
10	Agua	53.44	53.44	88	General	📦	0	/img/Agua.jpg	0
11	AguaBonafont	28.67	28.67	26	General	📦	0	/img/AguaBonafont.jpg	0
12	AguaBonafont galon	58.84	58.84	75	General	📦	0	/img/AguaBonafont_galon.jpg	0
13	AguaCiel	58.18	58.18	65	General	📦	0	/img/AguaCiel.jpg	0
14	AguaCiel 600	60.0	60.0	90	General	📦	0	/img/AguaCiel_600.jpg	0
15	AguaCiel Galon	37.6	37.6	30	General	📦	0	/img/AguaCiel_Galon.jpg	0
16	AguaCiel Litro	38.4	38.4	96	General	📦	0	/img/AguaCiel_Litro.jpg	0
17	AguaEpura	29.94	29.94	76	General	📦	0	/img/AguaEpura.jpg	0
18	AguaEpura Galon	56.0	56.0	57	General	📦	0	/img/AguaEpura_Galon.jpg	0
19	AguaFiel	28.22	28.22	72	General	📦	0	/img/AguaFiel.jpg	0
20	AguaMineral Schweppes	57.56	57.56	73	General	📦	0	/img/AguaMineral_Schweppes.jpg	0
21	Agua Skarch	44.9	44.9	60	General	📦	0	/img/Agua_Skarch.jpg	0
22	Agua judas	54.19	54.19	51	General	📦	0	/img/Agua_judas.jpg	0
23	Agua tehuacan litro	27.08	27.08	14	General	📦	0	/img/Agua_tehuacan_litro.jpg	0
24	Agua tehuacas	47.55	47.55	52	General	📦	0	/img/Agua_tehuacas.jpg	0
25	Alcaparras	32.29	32.29	52	General	📦	0	/img/Alcaparras.jpg	0
26	Alubias	43.09	43.09	68	General	📦	0	/img/Alubias.jpg	0
27	Always Noches	35.9	35.9	70	General	📦	0	/img/Always_Noches.jpg	0
28	Always PT	24.93	24.93	37	General	📦	0	/img/Always_PT.jpg	0
29	Always diarias	17.09	17.09	100	General	📦	0	/img/Always_diarias.jpg	0
30	Always noche	30.47	30.47	66	General	📦	0	/img/Always_noche.jpg	0
31	Arroz	36.9	36.9	93	General	📦	0	/img/Arroz.jpg	0
32	Bonafont 600	60.0	60.0	99	General	📦	0	/img/Bonafont_600.jpg	0
33	Bonafont Litro	56.11	56.11	61	General	📦	0	/img/Bonafont_Litro.jpg	0
34	Canelones	32.73	32.73	89	General	📦	0	/img/Canelones.jpg	0
35	Champiñones	58.28	58.28	12	General	📦	0	/img/Champiñones.jpg	0
36	Chicaro Zanahoria bolsa	32.35	32.35	86	General	📦	0	/img/Chicaro_Zanahoria_bolsa.jpg	0
37	Chicaros bolsa	46.58	46.58	39	General	📦	0	/img/Chicaros_bolsa.jpg	0
38	Chicharos	42.42	42.42	92	General	📦	0	/img/Chicharos.jpg	0
39	Chicharos Zanahorias	27.6	27.6	59	General	📦	0	/img/Chicharos_Zanahorias.jpg	0
40	Chile serrano	59.52	59.52	94	General	📦	0	/img/Chile_serrano.jpg	0
41	Chiles Gueros	28.86	28.86	59	General	📦	0	/img/Chiles_Gueros.jpg	0
42	Chiles rodajas	18.54	18.54	49	General	📦	0	/img/Chiles_rodajas.jpg	0
43	Chipotles	44.82	44.82	66	General	📦	0	/img/Chipotles.jpg	0
44	CidralMundet	58.68	58.68	38	General	📦	0	/img/CidralMundet.jpg	0
45	Ciel galon	21.59	21.59	32	General	📦	0	/img/Ciel_galon.jpg	0
46	Coca2Litros	15.0	15.0	22	General	📦	0	/img/Coca2Litros.jpg	0
47	CocaLight 2Litros	15.0	15.0	77	General	📦	0	/img/CocaLight_2Litros.jpg	0
48	CocaLight 600	60.0	60.0	55	General	📦	0	/img/CocaLight_600.jpg	0
49	CocaLigth Lata	41.9	41.9	40	General	📦	0	/img/CocaLigth_Lata.jpg	0
50	CocaSinAzucar	30.78	30.78	48	General	📦	0	/img/CocaSinAzucar.jpg	0
51	Coca 300	60.0	60.0	60	General	📦	0	/img/Coca_300.jpg	0
52	Coca 355	60.0	60.0	94	General	📦	0	/img/Coca_355.jpg	0
53	Coca 3Litros	15.0	15.0	75	General	📦	0	/img/Coca_3Litros.jpg	0
54	Coca SinAzucar 600	60.0	60.0	49	General	📦	0	/img/Coca_SinAzucar_600.jpg	0
55	Combinado Primavera	56.59	56.59	60	General	📦	0	/img/Combinado_Primavera.jpg	0
56	Combo Coca 600	60.0	60.0	84	General	📦	0	/img/Combo_Coca_600.jpg	0
57	Desodorante	57.14	57.14	87	General	📦	0	/img/Desodorante.jpg	0
58	Duraznos almibar	53.88	53.88	83	General	📦	0	/img/Duraznos_almibar.jpg	0
59	Elote Rajas	58.71	58.71	20	General	📦	0	/img/Elote_Rajas.jpg	0
60	Elote dorado	52.73	52.73	59	General	📦	0	/img/Elote_dorado.jpg	0
61	Enjuage Listerine	32.71	32.71	73	General	📦	0	/img/Enjuage_Listerine.jpg	0
62	Ensalada Campesina	51.72	51.72	21	General	📦	0	/img/Ensalada_Campesina.jpg	0
63	Ensalada verduras	58.89	58.89	31	General	📦	0	/img/Ensalada_verduras.jpg	0
64	Epura Litro	17.72	17.72	30	General	📦	0	/img/Epura_Litro.jpg	0
65	Epura galon	17.54	17.54	89	General	📦	0	/img/Epura_galon.jpg	0
66	Esparragos	31.9	31.9	20	General	📦	0	/img/Esparragos.jpg	0
67	Espinacas	46.68	46.68	49	General	📦	0	/img/Espinacas.jpg	0
68	Fiore Manzanilla	47.53	47.53	71	General	📦	0	/img/Fiore_Manzanilla.jpg	0
69	Fiore SLimite	47.65	47.65	55	General	📦	0	/img/Fiore_SLimite.jpg	0
70	Fiore noche	39.17	39.17	96	General	📦	0	/img/Fiore_noche.jpg	0
71	Frijoes Bayos	30.72	30.72	91	General	📦	0	/img/Frijoes_Bayos.jpg	0
72	Frijol blanco	29.88	29.88	56	General	📦	0	/img/Frijol_blanco.jpg	0
73	Frijoles	39.97	39.97	50	General	📦	0	/img/Frijoles.jpg	0
74	Garbanzos	26.28	26.28	53	General	📦	0	/img/Garbanzos.jpg	0
75	Grasa Zapatos	55.73	55.73	65	General	📦	0	/img/Grasa_Zapatos.jpg	0
76	Guanicion Verduras	19.26	19.26	86	General	📦	0	/img/Guanicion_Verduras.jpg	0
77	Jabon Heno	28.66	28.66	39	General	📦	0	/img/Jabon_Heno.jpg	0
78	Jabon Rosa	48.19	48.19	11	General	📦	0	/img/Jabon_Rosa.jpg	0
79	Jabon calabaza	48.15	48.15	21	General	📦	0	/img/Jabon_calabaza.jpg	0
80	Jabon dove	15.51	15.51	12	General	📦	0	/img/Jabon_dove.jpg	0
81	Jabon lirio	50.85	50.85	67	General	📦	0	/img/Jabon_lirio.jpg	0
82	Jabon neutro	15.25	15.25	84	General	📦	0	/img/Jabon_neutro.jpg	0
83	Jabon nordiko	20.45	20.45	72	General	📦	0	/img/Jabon_nordiko.jpg	0
84	Jabon terso	36.8	36.8	69	General	📦	0	/img/Jabon_terso.jpg	0
85	Jalapeños	15.05	15.05	64	General	📦	0	/img/Jalapeños.jpg	0
86	Jalapeños Picados	33.35	33.35	18	General	📦	0	/img/Jalapeños_Picados.jpg	0
87	Kotex Anatomica	17.21	17.21	28	General	📦	0	/img/Kotex_Anatomica.jpg	0
88	Kotex UDelgada	55.01	55.01	63	General	📦	0	/img/Kotex_UDelgada.jpg	0
89	Kotex largo	21.13	21.13	14	General	📦	0	/img/Kotex_largo.jpg	0
90	Kotex naturals	57.85	57.85	46	General	📦	0	/img/Kotex_naturals.jpg	0
91	Kotex regular	56.96	56.96	55	General	📦	0	/img/Kotex_regular.jpg	0
92	LechePolvo nido	21.59	21.59	60	General	📦	0	/img/LechePolvo_nido.jpg	0
93	Leche Condensada	59.44	59.44	51	General	📦	0	/img/Leche_Condensada.jpg	0
94	Leche Nestle	48.04	48.04	38	General	📦	0	/img/Leche_Nestle.jpg	0
95	Leche alpura	28.54	28.54	13	General	📦	0	/img/Leche_alpura.jpg	0
96	Leche evaporada	22.38	22.38	41	General	📦	0	/img/Leche_evaporada.jpg	0
97	Leche forte	31.85	31.85	36	General	📦	0	/img/Leche_forte.jpg	0
98	Mango Almibar	49.25	49.25	75	General	📦	0	/img/Mango_Almibar.jpg	0
99	Manteca	25.06	25.06	36	General	📦	0	/img/Manteca.jpg	0
100	Medallones espinaca	50.83	50.83	79	General	📦	0	/img/Medallones_espinaca.jpg	0
101	Mezcla California	16.46	16.46	93	General	📦	0	/img/Mezcla_California.jpg	0
102	Mezcla Juliana	51.77	51.77	33	General	📦	0	/img/Mezcla_Juliana.jpg	0
103	Mezcla campesina	40.57	40.57	96	General	📦	0	/img/Mezcla_campesina.jpg	0
104	Monster	15.35	15.35	38	General	📦	0	/img/Monster.jpg	0
105	Naturella Manzanilla	32.49	32.49	72	General	📦	0	/img/Naturella_Manzanilla.jpg	0
106	NutriLeche	39.1	39.1	96	General	📦	0	/img/NutriLeche.jpg	0
107	Palmitos enteros	38.07	38.07	28	General	📦	0	/img/Palmitos_enteros.jpg	0
108	Pasta BuenComer	50.42	50.42	31	General	📦	0	/img/Pasta_BuenComer.jpg	0
109	Pasta Colgate MPA	54.82	54.82	30	General	📦	0	/img/Pasta_Colgate_MPA.jpg	0
110	Pasta colgate	30.46	30.46	100	General	📦	0	/img/Pasta_colgate.jpg	0
111	Pasta luigi	29.79	29.79	96	General	📦	0	/img/Pasta_luigi.jpg	0
112	Pasta panzani	23.66	23.66	36	General	📦	0	/img/Pasta_panzani.jpg	0
113	Peñafiel	35.9	35.9	14	General	📦	0	/img/Peñafiel.jpg	0
114	Peñafiel Limon	27.19	27.19	46	General	📦	0	/img/Peñafiel_Limon.jpg	0
115	Peñafiel Naranja	51.42	51.42	82	General	📦	0	/img/Peñafiel_Naranja.jpg	0
116	Peñafiel Twist	23.41	23.41	39	General	📦	0	/img/Peñafiel_Twist.jpg	0
117	Peñafiel mineral	37.55	37.55	88	General	📦	0	/img/Peñafiel_mineral.jpg	0
118	Piña Almibar	41.96	41.96	74	General	📦	0	/img/Piña_Almibar.jpg	0
119	Piña Trocitos	49.16	49.16	45	General	📦	0	/img/Piña_Trocitos.jpg	0
120	Premier zapatos	41.8	41.8	16	General	📦	0	/img/Premier_zapatos.jpg	0
121	Pure Manzana	16.17	16.17	43	General	📦	0	/img/Pure_Manzana.jpg	0
122	Queso Gallo	24.02	24.02	23	General	📦	0	/img/Queso_Gallo.jpg	0
123	Rajas Rojas	15.77	15.77	45	General	📦	0	/img/Rajas_Rojas.jpg	0
124	Rajas poblanas	26.6	26.6	50	General	📦	0	/img/Rajas_poblanas.jpg	0
125	Rajas verdes	18.56	18.56	37	General	📦	0	/img/Rajas_verdes.jpg	0
126	Refresco Manzana	27.89	27.89	60	General	📦	0	/img/Refresco_Manzana.jpg	0
127	Refresco Manzana Sidral	22.55	22.55	93	General	📦	0	/img/Refresco_Manzana_Sidral.jpg	0
128	Refresco Toronja	44.91	44.91	12	General	📦	0	/img/Refresco_Toronja.jpg	0
129	Saba Invisible	57.11	57.11	14	General	📦	0	/img/Saba_Invisible.jpg	0
130	Saba Manzanilla	17.28	17.28	84	General	📦	0	/img/Saba_Manzanilla.jpg	0
131	Saba Nocturna	57.9	57.9	65	General	📦	0	/img/Saba_Nocturna.jpg	0
132	Saba UInvisible	30.86	30.86	21	General	📦	0	/img/Saba_UInvisible.jpg	0
133	Saba diarios	57.61	57.61	85	General	📦	0	/img/Saba_diarios.jpg	0
134	Saba teens Nocturna	56.17	56.17	95	General	📦	0	/img/Saba_teens_Nocturna.jpg	0
135	Salsa Tomate	34.59	34.59	65	General	📦	0	/img/Salsa_Tomate.jpg	0
136	Sangria Señorial	53.49	53.49	37	General	📦	0	/img/Sangria_Señorial.jpg	0
137	Shampoo Savile	40.92	40.92	33	General	📦	0	/img/Shampoo_Savile.jpg	0
138	Sopa Codos	54.79	54.79	55	General	📦	0	/img/Sopa_Codos.jpg	0
139	Sopa fideos	16.93	16.93	42	General	📦	0	/img/Sopa_fideos.jpg	0
140	Squirt Lata	30.24	30.24	29	General	📦	0	/img/Squirt_Lata.jpg	0
141	Tinta Zapatos	15.6	15.6	56	General	📦	0	/img/Tinta_Zapatos.jpg	0
142	Toallas femenias Steens	23.81	23.81	79	General	📦	0	/img/Toallas_femenias_Steens.jpg	0
143	Tortillas	55.02	55.02	22	General	📦	0	/img/Tortillas.jpg	0
144	Tostadas	24.45	24.45	45	General	📦	0	/img/Tostadas.jpg	0
145	Tostadas ajonjoli	42.97	42.97	56	General	📦	0	/img/Tostadas_ajonjoli.jpg	0
146	Tostadas botaneras	22.21	22.21	17	General	📦	0	/img/Tostadas_botaneras.jpg	0
147	Tostadas sanissimo	41.28	41.28	13	General	📦	0	/img/Tostadas_sanissimo.jpg	0
148	Vinagre Balsamico	26.64	26.64	54	General	📦	0	/img/Vinagre_Balsamico.jpg	0
149	Vinagre Manzana	43.0	43.0	17	General	📦	0	/img/Vinagre_Manzana.jpg	0
150	Zubba	35.98	35.98	15	General	📦	0	/img/Zubba.jpg	0
151	Zucaritas	50.0	50.0	20	General	📦	5		0
152	Gran Malo Tequila	100.0	150.0	30	General	📦	510		1
